Case Name,U Factor,p Factor,nuTilda Factor,Computation Time (s),Coefficient Value,Final U_x Residual,Final U_y Residual,Final p Residual,Final nuTilda Residual
默认设置,0.7,0.3,0.9,125.31,0.9881245,5.18135000e-06,7.36445000e-05,1.46591000e-04,N/A
全部0.9,0.9,0.9,0.9,136.34,1.003191,2.06758000e-05,7.08454000e-04,1.16909000e-04,N/A
全部0.3,0.3,0.3,0.3,136.77,0.8573468,5.54728000e-05,1.66707000e-04,4.67953000e-04,N/A
